"Settings","LabelActions","Conditions","ColumnAssetCondition","SchematizedDataCondition","LocaleSettings","ContentTypeRemovalViolations","DisplayName","ParentId","AbacEnabled","CustomSecurityAttributeRequired","IsParent","IsLabelGroup","Tooltip","DefaultContentLabel","ContentType","Capabilities","ParentLabelDisplayName","MTOOwnerLabelId","MTOOwnerTenantId","CanonicalLabelId","ReadOnly","ExternalIdentity","ImmutableId","Priority","Workload","Policy","Comment","Disabled","Mode","ObjectVersion","CreatedBy","LastModifiedBy","Guid","Identity","Id","IsValid","ExchangeVersion","Name","DistinguishedName","ObjectCategory","ObjectClass","WhenChanged","WhenCreated","WhenChangedUTC","WhenCreatedUTC","ExchangeObjectId","OrganizationalUnitRoot","OrganizationId","OriginatingServer","ObjectState"
"[color, #393939] [isparent, False] [contenttype, File, Email] [tooltip, Non-business data, for personal use only.] [displayname, Non-Business]","","",,,"{""LocaleKey"":""displayName"",""Settings"":[{""Key"":""default"",""Value"":""Non-Business""}]} {""LocaleKey"":""tooltip"",""Settings"":[{""Key"":""default"",""Value"":""Non-business data, for personal use only.""}]}",,"Non-Business",,,,"False","False","Non-business data, for personal use only.",,"File, Email","",,,,,"False","","e7af28d8-4e12-494e-96be-b4d333514abc","0","Exchange, SharePoint","6ab07763-90b3-4d22-a23e-5a924169350e","","False","Enforce","70e3d248-f357-4518-c5cf-08dd81114fb4","Admin-Phelps - Admin","Admin-Phelps - Admin","e7af28d8-4e12-494e-96be-b4d333514abc","FFO.extest.microsoft.com/Microsoft Exchange Hosted Organizations/Gdotsg.onmicrosoft.us/Configuration/Non-Business","FFO.extest.microsoft.com/Microsoft Exchange Hosted Organizations/Gdotsg.onmicrosoft.us/Configuration/Non-Business","True","0.20 (15.0.0.0)","Non-Business","CN=Non-Business,CN=Configuration,CN=Gdotsg.onmicrosoft.us,OU=Microsoft Exchange Hosted Organizations,DC=FFO,DC=extest,DC=microsoft,DC=com",,"msExchUnifiedRule","4/21/2025 3:15:50 PM","5/14/2024 3:12:25 PM","4/21/2025 8:15:50 PM","5/14/2024 8:12:25 PM","e7af28d8-4e12-494e-96be-b4d333514abc","FFO.extest.microsoft.com/Microsoft Exchange Hosted Organizations/Gdotsg.onmicrosoft.us","FFO.extest.microsoft.com/Microsoft Exchange Hosted Organizations/Gdotsg.onmicrosoft.us - FFO.extest.microsoft.com/Microsoft Exchange Hosted Organizations/Gdotsg.onmicrosoft.us/Configuration","","Unchanged"
"[color, #13A10E] [isparent, False] [contenttype, File, Email] [tooltip, Business data that is specifically prepared and approved for public consumption.] [displayname, Public]","","",,,"{""LocaleKey"":""displayName"",""Settings"":[{""Key"":""default"",""Value"":""Public""}]} {""LocaleKey"":""tooltip"",""Settings"":[{""Key"":""default"",""Value"":""Business data that is specifically prepared and approved for public consumption.""}]}",,"Public",,,,"False","False","Business data that is specifically prepared and approved for public consumption.",,"File, Email","",,,,,"False","","10fb2cc5-f932-4b5e-8c7f-76ccd6e40206","1","Exchange, SharePoint","6ab07763-90b3-4d22-a23e-5a924169350e","","False","Enforce","a0b14a26-fe33-44c2-17c2-08dd81115785","Admin-Phelps - Admin","Admin-Phelps - Admin","10fb2cc5-f932-4b5e-8c7f-76ccd6e40206","FFO.extest.microsoft.com/Microsoft Exchange Hosted Organizations/Gdotsg.onmicrosoft.us/Configuration/Public","FFO.extest.microsoft.com/Microsoft Exchange Hosted Organizations/Gdotsg.onmicrosoft.us/Configuration/Public","True","0.20 (15.0.0.0)","Public","CN=Public,CN=Configuration,CN=Gdotsg.onmicrosoft.us,OU=Microsoft Exchange Hosted Organizations,DC=FFO,DC=extest,DC=microsoft,DC=com",,"msExchUnifiedRule","4/21/2025 3:16:03 PM","5/12/2024 6:41:37 PM","4/21/2025 8:16:03 PM","5/12/2024 11:41:37 PM","10fb2cc5-f932-4b5e-8c7f-76ccd6e40206","FFO.extest.microsoft.com/Microsoft Exchange Hosted Organizations/Gdotsg.onmicrosoft.us","FFO.extest.microsoft.com/Microsoft Exchange Hosted Organizations/Gdotsg.onmicrosoft.us - FFO.extest.microsoft.com/Microsoft Exchange Hosted Organizations/Gdotsg.onmicrosoft.us/Configuration","","Unchanged"
"[color, #3A96DD] [isparent, False] [contenttype, File, Email] [tooltip, Business data that is not intended for public consumption. However, this can be shared with external partners, as required. Examples include a company internal telephone directory, organizational charts, internal standards, and most internal communication.] [displayname, General]","","",,,"{""LocaleKey"":""displayName"",""Settings"":[{""Key"":""default"",""Value"":""General""}]} {""LocaleKey"":""tooltip"",""Settings"":[{""Key"":""default"",""Value"":""Business data that is not intended for public consumption. However, this can be shared with external partners, as required. Examples include a company internal telephone directory, organizational charts, internal standards, and most internal communication.""}]}",,"General",,,,"False","False","Business data that is not intended for public consumption. However, this can be shared with external partners, as required. Examples include a company internal telephone directory, organizational charts, internal standards, and most internal communication.",,"File, Email","",,,,,"False","","fdb1afee-b479-41bb-a472-155f756ed790","2","Exchange, SharePoint","6ab07763-90b3-4d22-a23e-5a924169350e","","False","Enforce","9a871870-64f4-4368-5e06-08dc74523d82","Admin-Phelps - Admin","Admin-Phelps - Admin","fdb1afee-b479-41bb-a472-155f756ed790","FFO.extest.microsoft.com/Microsoft Exchange Hosted Organizations/Gdotsg.onmicrosoft.us/Configuration/General","FFO.extest.microsoft.com/Microsoft Exchange Hosted Organizations/Gdotsg.onmicrosoft.us/Configuration/General","True","0.20 (15.0.0.0)","General","CN=General,CN=Configuration,CN=Gdotsg.onmicrosoft.us,OU=Microsoft Exchange Hosted Organizations,DC=FFO,DC=extest,DC=microsoft,DC=com",,"msExchUnifiedRule","5/14/2024 3:12:54 PM","4/30/2024 8:45:36 PM","5/14/2024 8:12:54 PM","5/1/2024 1:45:36 AM","fdb1afee-b479-41bb-a472-155f756ed790","FFO.extest.microsoft.com/Microsoft Exchange Hosted Organizations/Gdotsg.onmicrosoft.us","FFO.extest.microsoft.com/Microsoft Exchange Hosted Organizations/Gdotsg.onmicrosoft.us - FFO.extest.microsoft.com/Microsoft Exchange Hosted Organizations/Gdotsg.onmicrosoft.us/Configuration","","Unchanged"
"[color, #3A96DD] [parentid, fdb1afee-b479-41bb-a472-155f756ed790] [contenttype, File, Email, Teamwork] [tooltip, Organization data that isn’t intended for public consumption but can be shared with external partners if appropriate. Examples include customer conversations that don’t include sensitive info or released marketing materials.] [isparent, False] [displayname, Anyone (Unrestricted)]","","",,,"{""LocaleKey"":""displayName"",""Settings"":[{""Key"":""default"",""Value"":""Anyone (Unrestricted)""}]} {""LocaleKey"":""tooltip"",""Settings"":[{""Key"":""default"",""Value"":""Organization data that isn’t intended for public consumption but can be shared with external partners if appropriate. Examples include customer conversations that don’t include sensitive info or released marketing materials.""}]}",,"Anyone (Unrestricted)","fdb1afee-b479-41bb-a472-155f756ed790",,,"False","False","Organization data that isn’t intended for public consumption but can be shared with external partners if appropriate. Examples include customer conversations that don’t include sensitive info or released marketing materials.",,"File, Email, Teamwork","","General",,,,"False","","b50ecbd4-0393-4378-93a1-d294d955a1a3","3","Exchange, SharePoint","6ab07763-90b3-4d22-a23e-5a924169350e","","False","Enforce","6891340f-01a3-40f5-e2a5-08de8135dda4","Admin-Phelps - Admin","Admin-Phelps - Admin","b50ecbd4-0393-4378-93a1-d294d955a1a3","FFO.extest.microsoft.com/Microsoft Exchange Hosted Organizations/Gdotsg.onmicrosoft.us/Configuration/Anyone","FFO.extest.microsoft.com/Microsoft Exchange Hosted Organizations/Gdotsg.onmicrosoft.us/Configuration/Anyone","True","0.20 (15.0.0.0)","Anyone","CN=Anyone,CN=Configuration,CN=Gdotsg.onmicrosoft.us,OU=Microsoft Exchange Hosted Organizations,DC=FFO,DC=extest,DC=microsoft,DC=com",,"msExchUnifiedRule","3/13/2026 2:22:28 PM","5/14/2024 3:09:43 PM","3/13/2026 7:22:28 PM","5/14/2024 8:09:43 PM","b50ecbd4-0393-4378-93a1-d294d955a1a3","FFO.extest.microsoft.com/Microsoft Exchange Hosted Organizations/Gdotsg.onmicrosoft.us","FFO.extest.microsoft.com/Microsoft Exchange Hosted Organizations/Gdotsg.onmicrosoft.us - FFO.extest.microsoft.com/Microsoft Exchange Hosted Organizations/Gdotsg.onmicrosoft.us/Configuration","","Unchanged"
"[color, #3A96DD] [parentid, fdb1afee-b479-41bb-a472-155f756ed790] [contenttype, File, Email, Site, UnifiedGroup, Teamwork] [tooltip, General business data that can be shared with trusted people inside and outside your organization. These people can also reshare the data as needed.] [isparent, False] [displayname, Trusted People (Allow External Collaboration and Sharing)]","{""Type"":""encrypt"",""SubType"":null,""Settings"":[{""Key"":""protectiontype"",""Value"":""template""},{""Key"":""disabled"",""Value"":""true""},{""Key"":""templateid"",""Value"":""cafc16ec-7cfe-4acb-8d18-b223066c37fe""},{""Key"":""linkedtemplateid"",""Value"":""cafc16ec-7cfe-4acb-8d18-b223066c37fe""},{""Key"":""templatearchived"",""Value"":""True""}]} {""Type"":""protectgroup"",""SubType"":null,""Settings"":[{""Key"":""privacy"",""Value"":""unspecified""},{""Key"":""allowemailfromguestusers"",""Value"":""false""},{""Key"":""allowaccesstoguestusers"",""Value"":""true""},{""Key"":""disabled"",""Value"":""false""}]} {""Type"":""protectsite"",""SubType"":null,""Settings"":[{""Key"":""allowfullaccess"",""Value"":""false""},{""Key"":""allowlimitedaccess"",""Value"":""true""},{""Key"":""blockaccess"",""Value"":""false""},{""Key"":""disabled"",""Value"":""false""},{""Key"":""externalsharingcontroltype"",""Value"":""ExistingExternalUserSharingOnly""}]} {""Type"":""protectteamschannel"",""SubType"":null,""Settings"":[{""Key"":""disabled"",""Value"":""false""},{""Key"":""allowprivateteamstobediscoverableusingsearch"",""Value"":""false""},{""Key"":""ischannelsharedwithexternaltenants"",""Value"":""true""},{""Key"":""ischannelsharedwithsamelabelonly"",""Value"":""true""},{""Key"":""ischannelsharedwithprivateteamsonly"",""Value"":""false""}]}","",,,"{""LocaleKey"":""displayName"",""Settings"":[{""Key"":""default"",""Value"":""Trusted People (Allow External Collaboration and Sharing)""}]} {""LocaleKey"":""tooltip"",""Settings"":[{""Key"":""default"",""Value"":""General business data that can be shared with trusted people inside and outside your organization. These people can also reshare the data as needed.""}]}",,"Trusted People (Allow External Collaboration and Sharing)","fdb1afee-b479-41bb-a472-155f756ed790",,,"False","False","General business data that can be shared with trusted people inside and outside your organization. These people can also reshare the data as needed.",,"File, Email, Site, UnifiedGroup, Teamwork","","General",,,,"False","","280e57a3-0044-4cda-b3de-93176bf30f2e","4","Exchange, SharePoint","6ab07763-90b3-4d22-a23e-5a924169350e","","False","Enforce","413c9723-2bdb-4455-1abf-08de839651f8","Admin-Phelps - Admin","Admin-Phelps - Admin","280e57a3-0044-4cda-b3de-93176bf30f2e","FFO.extest.microsoft.com/Microsoft Exchange Hosted Organizations/Gdotsg.onmicrosoft.us/Configuration/General Trusted People","FFO.extest.microsoft.com/Microsoft Exchange Hosted Organizations/Gdotsg.onmicrosoft.us/Configuration/General Trusted People","True","0.20 (15.0.0.0)","General Trusted People","CN=General Trusted People,CN=Configuration,CN=Gdotsg.onmicrosoft.us,OU=Microsoft Exchange Hosted Organizations,DC=FFO,DC=extest,DC=microsoft,DC=com",,"msExchUnifiedRule","3/16/2026 2:57:57 PM","4/29/2025 8:24:19 PM","3/16/2026 7:57:57 PM","4/30/2025 1:24:19 AM","280e57a3-0044-4cda-b3de-93176bf30f2e","FFO.extest.microsoft.com/Microsoft Exchange Hosted Organizations/Gdotsg.onmicrosoft.us","FFO.extest.microsoft.com/Microsoft Exchange Hosted Organizations/Gdotsg.onmicrosoft.us - FFO.extest.microsoft.com/Microsoft Exchange Hosted Organizations/Gdotsg.onmicrosoft.us/Configuration","","Unchanged"
"[color, #3A96DD] [parentid, fdb1afee-b479-41bb-a472-155f756ed790] [contenttype, File, Email, Site, UnifiedGroup, Teamwork] [tooltip, Organization data that isn’t intended for public consumption. If you need to share this content with external partners, confirm with other data owners that it's OK to share and then change the label to General \ Anyone (unrestricted) . Examples include a company internal telephone directory, organizational charts, internal standards, and most internal communication.] [isparent, False] [displayname, GDOTS Internal (Employees and Contractors)]","{""Type"":""protectgroup"",""SubType"":null,""Settings"":[{""Key"":""disabled"",""Value"":""false""},{""Key"":""privacy"",""Value"":""private""},{""Key"":""allowemailfromguestusers"",""Value"":""false""},{""Key"":""allowaccesstoguestusers"",""Value"":""false""}]} {""Type"":""encrypt"",""SubType"":null,""Settings"":[{""Key"":""disabled"",""Value"":""true""},{""Key"":""protectiontype"",""Value"":""template""},{""Key"":""templateid"",""Value"":""3fdc8cb0-c7ea-427b-831a-b0f412441b2b""},{""Key"":""linkedtemplateid"",""Value"":""3fdc8cb0-c7ea-427b-831a-b0f412441b2b""},{""Key"":""templatearchived"",""Value"":""True""}]} {""Type"":""protectsite"",""SubType"":null,""Settings"":[{""Key"":""allowfullaccess"",""Value"":""false""},{""Key"":""allowlimitedaccess"",""Value"":""false""},{""Key"":""blockaccess"",""Value"":""false""},{""Key"":""disabled"",""Value"":""false""},{""Key"":""externalsharingcontroltype"",""Value"":""Disabled""},{""Key"":""protectionlevel"",""Value"":""{\""Id\"":\""c2\"",\""DisplayName\"":\""GD-OTS Internal Access Only\"",\""Description\"":\""Allow only GDOTS access\""}""}]} {""Type"":""protectteamschannel"",""SubType"":null,""Settings"":[{""Key"":""disabled"",""Value"":""false""},{""Key"":""allowprivateteamstobediscoverableusingsearch"",""Value"":""false""},{""Key"":""ischannelsharedwithexternaltenants"",""Value"":""false""},{""Key"":""ischannelsharedwithsamelabelonly"",""Value"":""false""},{""Key"":""ischannelsharedwithprivateteamsonly"",""Value"":""false""}]}","",,,"{""LocaleKey"":""displayName"",""Settings"":[{""Key"":""default"",""Value"":""GDOTS Internal (Employees and Contractors)""}]} {""LocaleKey"":""tooltip"",""Settings"":[{""Key"":""default"",""Value"":""Organization data that isn’t intended for public consumption. If you need to share this content with external partners, confirm with other data owners that it's OK to share and then change the label to General \\ Anyone (unrestricted) . Examples include a company internal telephone directory, organizational charts, internal standards, and most internal communication.""}]}",,"GDOTS Internal (Employees and Contractors)","fdb1afee-b479-41bb-a472-155f756ed790",,,"False","False","Organization data that isn’t intended for public consumption. If you need to share this content with external partners, confirm with other data owners that it's OK to share and then change the label to General \ Anyone (unrestricted) . Examples include a company internal telephone directory, organizational charts, internal standards, and most internal communication.",,"File, Email, Site, UnifiedGroup, Teamwork","","General",,,,"False","","13833c6c-ebd1-4ec2-a603-fcf4dd4a6f1a","5","Exchange, SharePoint","6ab07763-90b3-4d22-a23e-5a924169350e","","False","Enforce","a84f9ac6-5db6-4bbf-107f-08de839622fe","Admin-Phelps - Admin","Admin-Phelps - Admin","13833c6c-ebd1-4ec2-a603-fcf4dd4a6f1a","FFO.extest.microsoft.com/Microsoft Exchange Hosted Organizations/Gdotsg.onmicrosoft.us/Configuration/All Employees","FFO.extest.microsoft.com/Microsoft Exchange Hosted Organizations/Gdotsg.onmicrosoft.us/Configuration/All Employees","True","0.20 (15.0.0.0)","All Employees","CN=All Employees,CN=Configuration,CN=Gdotsg.onmicrosoft.us,OU=Microsoft Exchange Hosted Organizations,DC=FFO,DC=extest,DC=microsoft,DC=com",,"msExchUnifiedRule","3/16/2026 2:56:38 PM","5/14/2024 3:10:20 PM","3/16/2026 7:56:38 PM","5/14/2024 8:10:20 PM","13833c6c-ebd1-4ec2-a603-fcf4dd4a6f1a","FFO.extest.microsoft.com/Microsoft Exchange Hosted Organizations/Gdotsg.onmicrosoft.us","FFO.extest.microsoft.com/Microsoft Exchange Hosted Organizations/Gdotsg.onmicrosoft.us - FFO.extest.microsoft.com/Microsoft Exchange Hosted Organizations/Gdotsg.onmicrosoft.us/Configuration","","Unchanged"
"[color, #F7630C] [isparent, False] [contenttype, File, Email] [tooltip, Sensitive business data that could cause damage to the business if shared with unauthorized people. Examples include contracts, security reports, forecast summaries, and sales account data.] [displayname, Confidential]","{""Type"":""applywatermarking"",""SubType"":null,""Settings"":[{""Key"":""text"",""Value"":""CONFIDENTIAL""},{""Key"":""fontsize"",""Value"":""32""},{""Key"":""fontcolor"",""Value"":""#0000FF""},{""Key"":""layout"",""Value"":""Diagonal""},{""Key"":""disabled"",""Value"":""false""}]}","",,,"{""LocaleKey"":""displayName"",""Settings"":[{""Key"":""default"",""Value"":""Confidential""}]} {""LocaleKey"":""tooltip"",""Settings"":[{""Key"":""default"",""Value"":""Sensitive business data that could cause damage to the business if shared with unauthorized people. Examples include contracts, security reports, forecast summaries, and sales account data.""}]}",,"Confidential",,,,"False","False","Sensitive business data that could cause damage to the business if shared with unauthorized people. Examples include contracts, security reports, forecast summaries, and sales account data.",,"File, Email","",,,,,"False","","9cb2427f-c189-426a-9b90-3f8bfabffba5","6","Exchange, SharePoint","6ab07763-90b3-4d22-a23e-5a924169350e","","False","Enforce","1c4ae882-a57e-4eee-2ea2-08dd8785bb8d","Admin-Phelps - Admin","Admin-Phelps - Admin","9cb2427f-c189-426a-9b90-3f8bfabffba5","FFO.extest.microsoft.com/Microsoft Exchange Hosted Organizations/Gdotsg.onmicrosoft.us/Configuration/Confidential","FFO.extest.microsoft.com/Microsoft Exchange Hosted Organizations/Gdotsg.onmicrosoft.us/Configuration/Confidential","True","0.20 (15.0.0.0)","Confidential","CN=Confidential,CN=Configuration,CN=Gdotsg.onmicrosoft.us,OU=Microsoft Exchange Hosted Organizations,DC=FFO,DC=extest,DC=microsoft,DC=com",,"msExchUnifiedRule","4/29/2025 8:24:20 PM","5/12/2024 6:46:18 PM","4/30/2025 1:24:20 AM","5/12/2024 11:46:18 PM","9cb2427f-c189-426a-9b90-3f8bfabffba5","FFO.extest.microsoft.com/Microsoft Exchange Hosted Organizations/Gdotsg.onmicrosoft.us","FFO.extest.microsoft.com/Microsoft Exchange Hosted Organizations/Gdotsg.onmicrosoft.us - FFO.extest.microsoft.com/Microsoft Exchange Hosted Organizations/Gdotsg.onmicrosoft.us/Configuration","","Unchanged"
"[color, #F7630C] [parentid, 9cb2427f-c189-426a-9b90-3f8bfabffba5] [contenttype, File, Email, Teamwork] [tooltip, Confidential data that doesn’t need to be encrypted. Use this option with care and appropriate business justification.] [isparent, False] [displayname, Anyone (Unrestricted)]","{""Type"":""encrypt"",""SubType"":null,""Settings"":[{""Key"":""disabled"",""Value"":""true""}]}","",,,"{""LocaleKey"":""displayName"",""Settings"":[{""Key"":""default"",""Value"":""Anyone (Unrestricted)""}]} {""LocaleKey"":""tooltip"",""Settings"":[{""Key"":""default"",""Value"":""Confidential data that doesn’t need to be encrypted. Use this option with care and appropriate business justification.""}]}",,"Anyone (Unrestricted)","9cb2427f-c189-426a-9b90-3f8bfabffba5",,,"False","False","Confidential data that doesn’t need to be encrypted. Use this option with care and appropriate business justification.",,"File, Email, Teamwork","","Confidential",,,,"False","","f3d5bfda-e25f-41cd-8076-f14e74c9d1c8","7","Exchange, SharePoint","6ab07763-90b3-4d22-a23e-5a924169350e","","False","Enforce","8d22382f-0bb1-4cb1-9b9d-08de83923564","Admin-Phelps - Admin","Admin-Phelps - Admin","f3d5bfda-e25f-41cd-8076-f14e74c9d1c8","FFO.extest.microsoft.com/Microsoft Exchange Hosted Organizations/Gdotsg.onmicrosoft.us/Configuration/Confidential Anyone","FFO.extest.microsoft.com/Microsoft Exchange Hosted Organizations/Gdotsg.onmicrosoft.us/Configuration/Confidential Anyone","True","0.20 (15.0.0.0)","Confidential Anyone","CN=Confidential Anyone,CN=Configuration,CN=Gdotsg.onmicrosoft.us,OU=Microsoft Exchange Hosted Organizations,DC=FFO,DC=extest,DC=microsoft,DC=com",,"msExchUnifiedRule","3/16/2026 2:28:31 PM","5/14/2024 3:34:14 PM","3/16/2026 7:28:31 PM","5/14/2024 8:34:14 PM","f3d5bfda-e25f-41cd-8076-f14e74c9d1c8","FFO.extest.microsoft.com/Microsoft Exchange Hosted Organizations/Gdotsg.onmicrosoft.us","FFO.extest.microsoft.com/Microsoft Exchange Hosted Organizations/Gdotsg.onmicrosoft.us - FFO.extest.microsoft.com/Microsoft Exchange Hosted Organizations/Gdotsg.onmicrosoft.us/Configuration","","Unchanged"
"[color, #F7630C] [parentid, 9cb2427f-c189-426a-9b90-3f8bfabffba5] [contenttype, File, Email, Teamwork] [tooltip, Confidential data that requires protection, which allows all employees full permissions. Data owners can track and revoke content.] [isparent, False] [displayname, GDOTS Internal (Employees and Contractors)]","{""Type"":""encrypt"",""SubType"":null,""Settings"":[{""Key"":""protectiontype"",""Value"":""template""},{""Key"":""disabled"",""Value"":""false""},{""Key"":""templateid"",""Value"":""d133e037-d263-4cbe-b023-718df43b2ce5""},{""Key"":""templatearchived"",""Value"":""False""},{""Key"":""linkedtemplateid"",""Value"":""d133e037-d263-4cbe-b023-718df43b2ce5""},{""Key"":""contentexpiredondateindaysornever"",""Value"":""Never""},{""Key"":""offlineaccessdays"",""Value"":""-1""},{""Key"":""rightsdefinitions"",""Value"":""[{\""Identity\"":\""Gdotsg.onmicrosoft.us\"",\""Rights\"":\""VIEW,VIEWRIGHTSDATA,DOCEDIT,EDIT,PRINT,EXTRACT,REPLY,REPLYALL,FORWARD,OBJMODEL\""}]""},{""Key"":""disableautomaticownerrights"",""Value"":""False""}]} {""Type"":""protectgroup"",""SubType"":null,""Settings"":[{""Key"":""privacy"",""Value"":""unspecified""},{""Key"":""allowemailfromguestusers"",""Value"":""false""},{""Key"":""allowaccesstoguestusers"",""Value"":""false""},{""Key"":""disabled"",""Value"":""false""}]} {""Type"":""protectsite"",""SubType"":null,""Settings"":[{""Key"":""allowfullaccess"",""Value"":""false""},{""Key"":""allowlimitedaccess"",""Value"":""false""},{""Key"":""blockaccess"",""Value"":""true""},{""Key"":""disabled"",""Value"":""false""},{""Key"":""externalsharingcontroltype"",""Value"":""Disabled""}]}","",,,"{""LocaleKey"":""displayName"",""Settings"":[{""Key"":""default"",""Value"":""GDOTS Internal (Employees and Contractors)""}]} {""LocaleKey"":""tooltip"",""Settings"":[{""Key"":""default"",""Value"":""Confidential data that requires protection, which allows all employees full permissions. Data owners can track and revoke content.""}]}",,"GDOTS Internal (Employees and Contractors)","9cb2427f-c189-426a-9b90-3f8bfabffba5",,,"False","False","Confidential data that requires protection, which allows all employees full permissions. Data owners can track and revoke content.",,"File, Email, Teamwork","","Confidential",,,,"False","","1a3d27df-99d9-4a1b-942b-73331377756e","8","Exchange, SharePoint","6ab07763-90b3-4d22-a23e-5a924169350e","","False","Enforce","8ecc73f3-ac83-4997-2f7c-08de839580fc","Admin-Phelps - Admin","Admin-Phelps - Admin","1a3d27df-99d9-4a1b-942b-73331377756e","FFO.extest.microsoft.com/Microsoft Exchange Hosted Organizations/Gdotsg.onmicrosoft.us/Configuration/Confidential All Employees","FFO.extest.microsoft.com/Microsoft Exchange Hosted Organizations/Gdotsg.onmicrosoft.us/Configuration/Confidential All Employees","True","0.20 (15.0.0.0)","Confidential All Employees","CN=Confidential All Employees,CN=Configuration,CN=Gdotsg.onmicrosoft.us,OU=Microsoft Exchange Hosted Organizations,DC=FFO,DC=extest,DC=microsoft,DC=com",,"msExchUnifiedRule","3/16/2026 3:34:37 PM","5/14/2024 3:36:53 PM","3/16/2026 8:34:37 PM","5/14/2024 8:36:53 PM","1a3d27df-99d9-4a1b-942b-73331377756e","FFO.extest.microsoft.com/Microsoft Exchange Hosted Organizations/Gdotsg.onmicrosoft.us","FFO.extest.microsoft.com/Microsoft Exchange Hosted Organizations/Gdotsg.onmicrosoft.us - FFO.extest.microsoft.com/Microsoft Exchange Hosted Organizations/Gdotsg.onmicrosoft.us/Configuration","","Unchanged"
"[color, #F7630C] [parentid, 9cb2427f-c189-426a-9b90-3f8bfabffba5] [contenttype, File, Email, Teamwork] [tooltip, Confidential data that can be shared with trusted people inside and outside your organization. These people can also reshare the data as needed.] [isparent, False] [displayname, Trusted People (Allow External Collaboration and Sharing)]","{""Type"":""encrypt"",""SubType"":null,""Settings"":[{""Key"":""protectiontype"",""Value"":""template""},{""Key"":""disabled"",""Value"":""false""},{""Key"":""templateid"",""Value"":""41ef5b98-bde4-44a0-aa12-af729d3070f8""},{""Key"":""templatearchived"",""Value"":""False""},{""Key"":""linkedtemplateid"",""Value"":""41ef5b98-bde4-44a0-aa12-af729d3070f8""},{""Key"":""contentexpiredondateindaysornever"",""Value"":""Never""},{""Key"":""offlineaccessdays"",""Value"":""-1""},{""Key"":""rightsdefinitions"",""Value"":""[{\""Identity\"":\""Gdotsg.onmicrosoft.us\"",\""Rights\"":\""VIEW,VIEWRIGHTSDATA,DOCEDIT,EDIT,PRINT,EXTRACT,REPLY,REPLYALL,FORWARD,OBJMODEL\""}]""},{""Key"":""disableautomaticownerrights"",""Value"":""False""}]} {""Type"":""protectgroup"",""SubType"":null,""Settings"":[{""Key"":""privacy"",""Value"":""public""},{""Key"":""allowemailfromguestusers"",""Value"":""false""},{""Key"":""allowaccesstoguestusers"",""Value"":""true""},{""Key"":""disabled"",""Value"":""false""}]} {""Type"":""protectsite"",""SubType"":null,""Settings"":[{""Key"":""allowfullaccess"",""Value"":""false""},{""Key"":""allowlimitedaccess"",""Value"":""true""},{""Key"":""blockaccess"",""Value"":""false""},{""Key"":""disabled"",""Value"":""false""},{""Key"":""externalsharingcontroltype"",""Value"":""ExistingExternalUserSharingOnly""}]}","",,,"{""LocaleKey"":""displayName"",""Settings"":[{""Key"":""default"",""Value"":""Trusted People (Allow External Collaboration and Sharing)""}]} {""LocaleKey"":""tooltip"",""Settings"":[{""Key"":""default"",""Value"":""Confidential data that can be shared with trusted people inside and outside your organization. These people can also reshare the data as needed.""}]}",,"Trusted People (Allow External Collaboration and Sharing)","9cb2427f-c189-426a-9b90-3f8bfabffba5",,,"False","False","Confidential data that can be shared with trusted people inside and outside your organization. These people can also reshare the data as needed.",,"File, Email, Teamwork","","Confidential",,,,"False","","215657ee-a68b-427b-9f75-f8f4a9c9882f","9","Exchange, SharePoint","6ab07763-90b3-4d22-a23e-5a924169350e","","False","Enforce","15c7cc61-0a5b-4003-87dc-08de8394293c","Admin-Phelps - Admin","Admin-Phelps - Admin","215657ee-a68b-427b-9f75-f8f4a9c9882f","FFO.extest.microsoft.com/Microsoft Exchange Hosted Organizations/Gdotsg.onmicrosoft.us/Configuration/Confidential Trusted People","FFO.extest.microsoft.com/Microsoft Exchange Hosted Organizations/Gdotsg.onmicrosoft.us/Configuration/Confidential Trusted People","True","0.20 (15.0.0.0)","Confidential Trusted People","CN=Confidential Trusted People,CN=Configuration,CN=Gdotsg.onmicrosoft.us,OU=Microsoft Exchange Hosted Organizations,DC=FFO,DC=extest,DC=microsoft,DC=com",,"msExchUnifiedRule","3/16/2026 3:34:43 PM","5/14/2024 3:35:54 PM","3/16/2026 8:34:43 PM","5/14/2024 8:35:54 PM","215657ee-a68b-427b-9f75-f8f4a9c9882f","FFO.extest.microsoft.com/Microsoft Exchange Hosted Organizations/Gdotsg.onmicrosoft.us","FFO.extest.microsoft.com/Microsoft Exchange Hosted Organizations/Gdotsg.onmicrosoft.us - FFO.extest.microsoft.com/Microsoft Exchange Hosted Organizations/Gdotsg.onmicrosoft.us/Configuration","","Unchanged"
"[color, #EAA300] [isparent, False] [contenttype, File, Email] [tooltip, Restricted business data that requires classification by legal or regulatory requirement. Examples include CUI, ITAR, and personably identifiable information (PII).] [displayname, Restricted]","{""Type"":""applywatermarking"",""SubType"":null,""Settings"":[{""Key"":""text"",""Value"":""RESTRICTED""},{""Key"":""fontsize"",""Value"":""32""},{""Key"":""fontcolor"",""Value"":""#0000FF""},{""Key"":""layout"",""Value"":""Diagonal""},{""Key"":""disabled"",""Value"":""true""}]}","",,,"{""LocaleKey"":""displayName"",""Settings"":[{""Key"":""default"",""Value"":""Restricted""}]} {""LocaleKey"":""tooltip"",""Settings"":[{""Key"":""default"",""Value"":""Restricted business data that requires classification by legal or regulatory requirement. Examples include CUI, ITAR, and personably identifiable information (PII).""}]}",,"Restricted",,,,"False","False","Restricted business data that requires classification by legal or regulatory requirement. Examples include CUI, ITAR, and personably identifiable information (PII).",,"File, Email","",,,,,"False","","8a80abd8-946e-4b1c-be4f-0bccc22c322d","10","Exchange, SharePoint","6ab07763-90b3-4d22-a23e-5a924169350e","","False","Enforce","74298fc4-0ac2-4949-6559-08de8394b0f7","Admin-Phelps - Admin","Admin-Phelps - Admin","8a80abd8-946e-4b1c-be4f-0bccc22c322d","FFO.extest.microsoft.com/Microsoft Exchange Hosted Organizations/Gdotsg.onmicrosoft.us/Configuration/Restricted","FFO.extest.microsoft.com/Microsoft Exchange Hosted Organizations/Gdotsg.onmicrosoft.us/Configuration/Restricted","True","0.20 (15.0.0.0)","Restricted","CN=Restricted,CN=Configuration,CN=Gdotsg.onmicrosoft.us,OU=Microsoft Exchange Hosted Organizations,DC=FFO,DC=extest,DC=microsoft,DC=com",,"msExchUnifiedRule","3/16/2026 2:46:18 PM","5/14/2024 3:18:58 PM","3/16/2026 7:46:18 PM","5/14/2024 8:18:58 PM","8a80abd8-946e-4b1c-be4f-0bccc22c322d","FFO.extest.microsoft.com/Microsoft Exchange Hosted Organizations/Gdotsg.onmicrosoft.us","FFO.extest.microsoft.com/Microsoft Exchange Hosted Organizations/Gdotsg.onmicrosoft.us - FFO.extest.microsoft.com/Microsoft Exchange Hosted Organizations/Gdotsg.onmicrosoft.us/Configuration","","Unchanged"
"[color, #EAA300] [parentid, 8a80abd8-946e-4b1c-be4f-0bccc22c322d] [contenttype, File, Email, Teamwork] [tooltip, Controlled Unclassified Information that requires protection and can be shared with trusted people inside and outside your organization. These people can also reshare the data as needed.] [isparent, False] [displayname, CUI (Trusted People)]","{""Type"":""encrypt"",""SubType"":null,""Settings"":[{""Key"":""protectiontype"",""Value"":""template""},{""Key"":""disabled"",""Value"":""true""},{""Key"":""templateid"",""Value"":""0eb95d10-dce0-4e6c-9906-ea164abcd14e""},{""Key"":""linkedtemplateid"",""Value"":""0eb95d10-dce0-4e6c-9906-ea164abcd14e""},{""Key"":""templatearchived"",""Value"":""True""}]} {""Type"":""applycontentmarking"",""SubType"":""header"",""Settings"":[{""Key"":""text"",""Value"":""CUI""},{""Key"":""fontsize"",""Value"":""10""},{""Key"":""fontcolor"",""Value"":""#FF0000""},{""Key"":""alignment"",""Value"":""Right""},{""Key"":""margin"",""Value"":""5""},{""Key"":""placement"",""Value"":""Header""},{""Key"":""disabled"",""Value"":""true""}]} {""Type"":""protectsite"",""SubType"":null,""Settings"":[{""Key"":""allowfullaccess"",""Value"":""false""},{""Key"":""allowlimitedaccess"",""Value"":""true""},{""Key"":""blockaccess"",""Value"":""false""},{""Key"":""disabled"",""Value"":""false""},{""Key"":""externalsharingcontroltype"",""Value"":""ExistingExternalUserSharingOnly""}]} {""Type"":""applycontentmarking"",""SubType"":""footer"",""Settings"":[{""Key"":""text"",""Value"":""CUI""},{""Key"":""fontsize"",""Value"":""10""},{""Key"":""fontcolor"",""Value"":""#FF0000""},{""Key"":""alignment"",""Value"":""Right""},{""Key"":""margin"",""Value"":""5""},{""Key"":""placement"",""Value"":""Footer""},{""Key"":""disabled"",""Value"":""true""}]} {""Type"":""protectgroup"",""SubType"":null,""Settings"":[{""Key"":""privacy"",""Value"":""unspecified""},{""Key"":""allowemailfromguestusers"",""Value"":""false""},{""Key"":""allowaccesstoguestusers"",""Value"":""false""},{""Key"":""disabled"",""Value"":""false""}]}","",,,"{""LocaleKey"":""displayName"",""Settings"":[{""Key"":""default"",""Value"":""CUI (Trusted People)""}]} {""LocaleKey"":""tooltip"",""Settings"":[{""Key"":""default"",""Value"":""Controlled Unclassified Information that requires protection and can be shared with trusted people inside and outside your organization. These people can also reshare the data as needed.""}]}",,"CUI (Trusted People)","8a80abd8-946e-4b1c-be4f-0bccc22c322d",,,"False","False","Controlled Unclassified Information that requires protection and can be shared with trusted people inside and outside your organization. These people can also reshare the data as needed.",,"File, Email, Teamwork","","Restricted",,,,"False","","636e45b3-3799-4894-86bc-54bae89af635","11","Exchange, SharePoint","6ab07763-90b3-4d22-a23e-5a924169350e","","False","Enforce","b3deb194-8d17-43ec-ea5a-08de839472e4","Admin-Phelps - Admin","Admin-Phelps - Admin","636e45b3-3799-4894-86bc-54bae89af635","FFO.extest.microsoft.com/Microsoft Exchange Hosted Organizations/Gdotsg.onmicrosoft.us/Configuration/CUI","FFO.extest.microsoft.com/Microsoft Exchange Hosted Organizations/Gdotsg.onmicrosoft.us/Configuration/CUI","True","0.20 (15.0.0.0)","CUI","CN=CUI,CN=Configuration,CN=Gdotsg.onmicrosoft.us,OU=Microsoft Exchange Hosted Organizations,DC=FFO,DC=extest,DC=microsoft,DC=com",,"msExchUnifiedRule","3/16/2026 2:44:33 PM","5/14/2024 3:28:25 PM","3/16/2026 7:44:33 PM","5/14/2024 8:28:25 PM","636e45b3-3799-4894-86bc-54bae89af635","FFO.extest.microsoft.com/Microsoft Exchange Hosted Organizations/Gdotsg.onmicrosoft.us","FFO.extest.microsoft.com/Microsoft Exchange Hosted Organizations/Gdotsg.onmicrosoft.us - FFO.extest.microsoft.com/Microsoft Exchange Hosted Organizations/Gdotsg.onmicrosoft.us/Configuration","","Unchanged"
"[color, #EAA300] [parentid, 8a80abd8-946e-4b1c-be4f-0bccc22c322d] [contenttype, File, Email, Teamwork] [tooltip, Data restricted by the Arms Export Control Act that may be subject to ITAR restrictions during certain circumstances.] [isparent, False] [displayname, EAR (Trusted U.S. Persons)]","{""Type"":""applywatermarking"",""SubType"":null,""Settings"":[{""Key"":""text"",""Value"":""EAR Restricted""},{""Key"":""fontsize"",""Value"":""20""},{""Key"":""fontcolor"",""Value"":""#FF0000""},{""Key"":""layout"",""Value"":""Diagonal""},{""Key"":""disabled"",""Value"":""true""}]} {""Type"":""protectsite"",""SubType"":null,""Settings"":[{""Key"":""allowfullaccess"",""Value"":""false""},{""Key"":""allowlimitedaccess"",""Value"":""false""},{""Key"":""blockaccess"",""Value"":""false""},{""Key"":""disabled"",""Value"":""false""},{""Key"":""protectionlevel"",""Value"":""{\""Id\"":\""c1\"",\""DisplayName\"":\""Sensitive Information - ITAR Restricted\"",\""Description\"":\""Data restricted from access by Non-US persons.\""}""},{""Key"":""externalsharingcontroltype"",""Value"":""ExistingExternalUserSharingOnly""}]} {""Type"":""encrypt"",""SubType"":null,""Settings"":[{""Key"":""protectiontype"",""Value"":""template""},{""Key"":""disabled"",""Value"":""true""},{""Key"":""templateid"",""Value"":""43af62a6-ee81-48d6-aa06-d100c595dc83""},{""Key"":""linkedtemplateid"",""Value"":""43af62a6-ee81-48d6-aa06-d100c595dc83""},{""Key"":""templatearchived"",""Value"":""True""}]} {""Type"":""protectgroup"",""SubType"":null,""Settings"":[{""Key"":""privacy"",""Value"":""unspecified""},{""Key"":""allowemailfromguestusers"",""Value"":""false""},{""Key"":""allowaccesstoguestusers"",""Value"":""false""},{""Key"":""disabled"",""Value"":""false""}]}","",,,"{""LocaleKey"":""displayName"",""Settings"":[{""Key"":""default"",""Value"":""EAR (Trusted U.S. Persons)""}]} {""LocaleKey"":""tooltip"",""Settings"":[{""Key"":""default"",""Value"":""Data restricted by the Arms Export Control Act that may be subject to ITAR restrictions during certain circumstances.""}]}",,"EAR (Trusted U.S. Persons)","8a80abd8-946e-4b1c-be4f-0bccc22c322d",,,"False","False","Data restricted by the Arms Export Control Act that may be subject to ITAR restrictions during certain circumstances.",,"File, Email, Teamwork","","Restricted",,,,"False","","a7e28de0-3c19-420b-b4bb-3d6cad3d1200","12","Exchange, SharePoint","6ab07763-90b3-4d22-a23e-5a924169350e","","False","Enforce","cbc9a2bd-93bd-4fa7-1dc5-08de839483d7","Admin-Phelps - Admin","Admin-Phelps - Admin","a7e28de0-3c19-420b-b4bb-3d6cad3d1200","FFO.extest.microsoft.com/Microsoft Exchange Hosted Organizations/Gdotsg.onmicrosoft.us/Configuration/EAR","FFO.extest.microsoft.com/Microsoft Exchange Hosted Organizations/Gdotsg.onmicrosoft.us/Configuration/EAR","True","0.20 (15.0.0.0)","EAR","CN=EAR,CN=Configuration,CN=Gdotsg.onmicrosoft.us,OU=Microsoft Exchange Hosted Organizations,DC=FFO,DC=extest,DC=microsoft,DC=com",,"msExchUnifiedRule","3/16/2026 2:45:02 PM","8/7/2024 8:44:22 AM","3/16/2026 7:45:02 PM","8/7/2024 1:44:22 PM","a7e28de0-3c19-420b-b4bb-3d6cad3d1200","FFO.extest.microsoft.com/Microsoft Exchange Hosted Organizations/Gdotsg.onmicrosoft.us","FFO.extest.microsoft.com/Microsoft Exchange Hosted Organizations/Gdotsg.onmicrosoft.us - FFO.extest.microsoft.com/Microsoft Exchange Hosted Organizations/Gdotsg.onmicrosoft.us/Configuration","","Unchanged"
"[color, #EAA300] [parentid, 8a80abd8-946e-4b1c-be4f-0bccc22c322d] [contenttype, File, Email, Teamwork] [tooltip, Data restricted by the ITAR that cannot be viewed by Non-US persons that must be encrypted.] [isparent, False] [displayname, ITAR (Trusted U.S. Persons)]","{""Type"":""encrypt"",""SubType"":null,""Settings"":[{""Key"":""protectiontype"",""Value"":""template""},{""Key"":""disabled"",""Value"":""true""},{""Key"":""templateid"",""Value"":""1563aed5-eb50-451f-978f-e6c70ebd790e""},{""Key"":""linkedtemplateid"",""Value"":""1563aed5-eb50-451f-978f-e6c70ebd790e""},{""Key"":""contentexpiredondateindaysornever"",""Value"":""Never""},{""Key"":""offlineaccessdays"",""Value"":""-1""},{""Key"":""rightsdefinitions"",""Value"":""[{\""Identity\"":\""PurviewPilot@gd-ots.com\"",\""Rights\"":\""VIEW,VIEWRIGHTSDATA,DOCEDIT,EDIT,PRINT,EXTRACT,REPLY,REPLYALL,FORWARD,OBJMODEL\""}]""},{""Key"":""templatearchived"",""Value"":""True""}]} {""Type"":""applycontentmarking"",""SubType"":""header"",""Settings"":[{""Key"":""text"",""Value"":""ITAR Restricted""},{""Key"":""fontsize"",""Value"":""10""},{""Key"":""fontcolor"",""Value"":""#FF0000""},{""Key"":""alignment"",""Value"":""Right""},{""Key"":""margin"",""Value"":""5""},{""Key"":""placement"",""Value"":""Header""},{""Key"":""disabled"",""Value"":""true""}]} {""Type"":""protectsite"",""SubType"":null,""Settings"":[{""Key"":""allowfullaccess"",""Value"":""false""},{""Key"":""allowlimitedaccess"",""Value"":""false""},{""Key"":""blockaccess"",""Value"":""false""},{""Key"":""disabled"",""Value"":""false""},{""Key"":""protectionlevel"",""Value"":""{\""Id\"":\""c1\"",\""DisplayName\"":\""Sensitive Information - ITAR Restricted\"",\""Description\"":\""Data restricted from access by Non-US persons.\""}""},{""Key"":""externalsharingcontroltype"",""Value"":""ExistingExternalUserSharingOnly""}]} {""Type"":""protectgroup"",""SubType"":null,""Settings"":[{""Key"":""privacy"",""Value"":""private""},{""Key"":""allowemailfromguestusers"",""Value"":""false""},{""Key"":""allowaccesstoguestusers"",""Value"":""false""},{""Key"":""disabled"",""Value"":""false""}]} {""Type"":""protectteamschannel"",""SubType"":null,""Settings"":[{""Key"":""disabled"",""Value"":""true""},{""Key"":""allowprivateteamstobediscoverableusingsearch"",""Value"":""false""},{""Key"":""ischannelsharedwithexternaltenants"",""Value"":""false""},{""Key"":""ischannelsharedwithsamelabelonly"",""Value"":""true""},{""Key"":""ischannelsharedwithprivateteamsonly"",""Value"":""false""}]}","",,,"{""LocaleKey"":""displayName"",""Settings"":[{""Key"":""default"",""Value"":""ITAR (Trusted U.S. Persons)""}]} {""LocaleKey"":""tooltip"",""Settings"":[{""Key"":""default"",""Value"":""Data restricted by the ITAR that cannot be viewed by Non-US persons that must be encrypted.""}]}",,"ITAR (Trusted U.S. Persons)","8a80abd8-946e-4b1c-be4f-0bccc22c322d",,,"False","False","Data restricted by the ITAR that cannot be viewed by Non-US persons that must be encrypted.",,"File, Email, Teamwork","","Restricted",,,,"False","","ccc1187d-47d5-4036-91b3-4ee2c438219d","13","Exchange, SharePoint","6ab07763-90b3-4d22-a23e-5a924169350e","","False","Enforce","c95d1244-929a-43d4-a04e-08de8394a25a","Admin-Phelps - Admin","Admin-Phelps - Admin","ccc1187d-47d5-4036-91b3-4ee2c438219d","FFO.extest.microsoft.com/Microsoft Exchange Hosted Organizations/Gdotsg.onmicrosoft.us/Configuration/ITAR","FFO.extest.microsoft.com/Microsoft Exchange Hosted Organizations/Gdotsg.onmicrosoft.us/Configuration/ITAR","True","0.20 (15.0.0.0)","ITAR","CN=ITAR,CN=Configuration,CN=Gdotsg.onmicrosoft.us,OU=Microsoft Exchange Hosted Organizations,DC=FFO,DC=extest,DC=microsoft,DC=com",,"msExchUnifiedRule","3/16/2026 2:45:53 PM","5/14/2024 3:22:35 PM","3/16/2026 7:45:53 PM","5/14/2024 8:22:35 PM","ccc1187d-47d5-4036-91b3-4ee2c438219d","FFO.extest.microsoft.com/Microsoft Exchange Hosted Organizations/Gdotsg.onmicrosoft.us","FFO.extest.microsoft.com/Microsoft Exchange Hosted Organizations/Gdotsg.onmicrosoft.us - FFO.extest.microsoft.com/Microsoft Exchange Hosted Organizations/Gdotsg.onmicrosoft.us/Configuration","","Unchanged"
"[color, #EAA300] [parentid, 8a80abd8-946e-4b1c-be4f-0bccc22c322d] [contenttype, File, Email, Teamwork] [tooltip, ITAR restricted data for Program 1, which may be accessed by US-persons and by Non-US persons covered by export licenses of Program] [isparent, False] [displayname, ITAR - Program 1 (Trusted U.S. Persons and Licensees)]","{""Type"":""encrypt"",""SubType"":null,""Settings"":[{""Key"":""protectiontype"",""Value"":""template""},{""Key"":""disabled"",""Value"":""true""},{""Key"":""templateid"",""Value"":""162d18df-a50c-48e3-b4f1-5720c555a1ae""},{""Key"":""linkedtemplateid"",""Value"":""162d18df-a50c-48e3-b4f1-5720c555a1ae""},{""Key"":""templatearchived"",""Value"":""True""}]} {""Type"":""applycontentmarking"",""SubType"":""header"",""Settings"":[{""Key"":""text"",""Value"":""ITAR Restricted""},{""Key"":""fontsize"",""Value"":""10""},{""Key"":""fontcolor"",""Value"":""#FF0000""},{""Key"":""alignment"",""Value"":""Right""},{""Key"":""margin"",""Value"":""5""},{""Key"":""placement"",""Value"":""Header""},{""Key"":""disabled"",""Value"":""true""}]} {""Type"":""protectsite"",""SubType"":null,""Settings"":[{""Key"":""allowfullaccess"",""Value"":""false""},{""Key"":""allowlimitedaccess"",""Value"":""false""},{""Key"":""blockaccess"",""Value"":""false""},{""Key"":""disabled"",""Value"":""false""},{""Key"":""protectionlevel"",""Value"":""{\""Id\"":\""c1\"",\""DisplayName\"":\""Sensitive Information - ITAR Restricted\"",\""Description\"":\""Data restricted from access by Non-US persons.\""}""},{""Key"":""externalsharingcontroltype"",""Value"":""ExistingExternalUserSharingOnly""}]} {""Type"":""protectgroup"",""SubType"":null,""Settings"":[{""Key"":""privacy"",""Value"":""private""},{""Key"":""allowemailfromguestusers"",""Value"":""false""},{""Key"":""allowaccesstoguestusers"",""Value"":""false""},{""Key"":""disabled"",""Value"":""false""}]}","",,,"{""LocaleKey"":""displayName"",""Settings"":[{""Key"":""default"",""Value"":""ITAR - Program 1 (Trusted U.S. Persons and Licensees)""}]} {""LocaleKey"":""tooltip"",""Settings"":[{""Key"":""default"",""Value"":""ITAR restricted data for Program 1, which may be accessed by US-persons and by Non-US persons covered by export licenses of Program""}]}",,"ITAR - Program 1 (Trusted U.S. Persons and Licensees)","8a80abd8-946e-4b1c-be4f-0bccc22c322d",,,"False","False","ITAR restricted data for Program 1, which may be accessed by US-persons and by Non-US persons covered by export licenses of Program",,"File, Email, Teamwork","","Restricted",,,,"False","","5fe26fb1-76a5-4a92-8889-1420d263f810","14","Exchange, SharePoint","6ab07763-90b3-4d22-a23e-5a924169350e","","False","Enforce","9ea1e4be-58a1-421f-c666-08de8394c118","Admin-Phelps - Admin","Admin-Phelps - Admin","5fe26fb1-76a5-4a92-8889-1420d263f810","FFO.extest.microsoft.com/Microsoft Exchange Hosted Organizations/Gdotsg.onmicrosoft.us/Configuration/ITAR Program 1","FFO.extest.microsoft.com/Microsoft Exchange Hosted Organizations/Gdotsg.onmicrosoft.us/Configuration/ITAR Program 1","True","0.20 (15.0.0.0)","ITAR Program 1","CN=ITAR Program 1,CN=Configuration,CN=Gdotsg.onmicrosoft.us,OU=Microsoft Exchange Hosted Organizations,DC=FFO,DC=extest,DC=microsoft,DC=com",,"msExchUnifiedRule","3/16/2026 2:46:45 PM","6/19/2024 1:56:04 PM","3/16/2026 7:46:45 PM","6/19/2024 6:56:04 PM","5fe26fb1-76a5-4a92-8889-1420d263f810","FFO.extest.microsoft.com/Microsoft Exchange Hosted Organizations/Gdotsg.onmicrosoft.us","FFO.extest.microsoft.com/Microsoft Exchange Hosted Organizations/Gdotsg.onmicrosoft.us - FFO.extest.microsoft.com/Microsoft Exchange Hosted Organizations/Gdotsg.onmicrosoft.us/Configuration","","Unchanged"
"[color, #A4262C] [isparent, False] [contenttype, File, Email] [tooltip, Very sensitive business data that would cause damage to the business if it was shared with unauthorized people. Examples include employee and customer information, passwords, source code, and pre-announced financial reports.] [displayname, Highly Confidential]","{""Type"":""applywatermarking"",""SubType"":null,""Settings"":[{""Key"":""text"",""Value"":""HIGHLY CONFIDENTIAL""},{""Key"":""fontsize"",""Value"":""32""},{""Key"":""fontcolor"",""Value"":""#0000FF""},{""Key"":""layout"",""Value"":""Diagonal""},{""Key"":""disabled"",""Value"":""false""}]}","",,,"{""LocaleKey"":""displayName"",""Settings"":[{""Key"":""default"",""Value"":""Highly Confidential""}]} {""LocaleKey"":""tooltip"",""Settings"":[{""Key"":""default"",""Value"":""Very sensitive business data that would cause damage to the business if it was shared with unauthorized people. Examples include employee and customer information, passwords, source code, and pre-announced financial reports.""}]}",,"Highly Confidential",,,,"False","False","Very sensitive business data that would cause damage to the business if it was shared with unauthorized people. Examples include employee and customer information, passwords, source code, and pre-announced financial reports.",,"File, Email","",,,,,"False","","6868d3b4-a08f-4bd2-b089-18750c37d8ea","15","Exchange, SharePoint","6ab07763-90b3-4d22-a23e-5a924169350e","","False","Enforce","65c230ea-c927-443c-77d8-08dd8785bc36","Admin-Phelps - Admin","Admin-Phelps - Admin","6868d3b4-a08f-4bd2-b089-18750c37d8ea","FFO.extest.microsoft.com/Microsoft Exchange Hosted Organizations/Gdotsg.onmicrosoft.us/Configuration/Highly Confidential","FFO.extest.microsoft.com/Microsoft Exchange Hosted Organizations/Gdotsg.onmicrosoft.us/Configuration/Highly Confidential","True","0.20 (15.0.0.0)","Highly Confidential","CN=Highly Confidential,CN=Configuration,CN=Gdotsg.onmicrosoft.us,OU=Microsoft Exchange Hosted Organizations,DC=FFO,DC=extest,DC=microsoft,DC=com",,"msExchUnifiedRule","4/29/2025 8:24:21 PM","5/12/2024 6:48:48 PM","4/30/2025 1:24:21 AM","5/12/2024 11:48:48 PM","6868d3b4-a08f-4bd2-b089-18750c37d8ea","FFO.extest.microsoft.com/Microsoft Exchange Hosted Organizations/Gdotsg.onmicrosoft.us","FFO.extest.microsoft.com/Microsoft Exchange Hosted Organizations/Gdotsg.onmicrosoft.us - FFO.extest.microsoft.com/Microsoft Exchange Hosted Organizations/Gdotsg.onmicrosoft.us/Configuration","","Unchanged"
"[color, #A4262C] [parentid, 6868d3b4-a08f-4bd2-b089-18750c37d8ea] [contenttype, File, Email, Site, UnifiedGroup, Teamwork] [tooltip, Highly confidential data that allows all employees only view, edit, and reply permissions to this content. Data owners can track and revoke content.] [isparent, False] [displayname, All Employees (Employees and Contractors)]","{""Type"":""encrypt"",""SubType"":null,""Settings"":[{""Key"":""protectiontype"",""Value"":""template""},{""Key"":""disabled"",""Value"":""false""},{""Key"":""templateid"",""Value"":""42a39c98-0984-4138-99f6-4ce2a07250b2""},{""Key"":""templatearchived"",""Value"":""False""},{""Key"":""linkedtemplateid"",""Value"":""42a39c98-0984-4138-99f6-4ce2a07250b2""},{""Key"":""contentexpiredondateindaysornever"",""Value"":""Never""},{""Key"":""offlineaccessdays"",""Value"":""-1""},{""Key"":""rightsdefinitions"",""Value"":""[{\""Identity\"":\""Gdotsg.onmicrosoft.us\"",\""Rights\"":\""VIEW,VIEWRIGHTSDATA,OBJMODEL\""}]""},{""Key"":""disableautomaticownerrights"",""Value"":""False""}]} {""Type"":""protectgroup"",""SubType"":null,""Settings"":[{""Key"":""privacy"",""Value"":""private""},{""Key"":""allowemailfromguestusers"",""Value"":""false""},{""Key"":""allowaccesstoguestusers"",""Value"":""false""},{""Key"":""disabled"",""Value"":""false""}]} {""Type"":""protectsite"",""SubType"":null,""Settings"":[{""Key"":""allowfullaccess"",""Value"":""false""},{""Key"":""allowlimitedaccess"",""Value"":""false""},{""Key"":""blockaccess"",""Value"":""true""},{""Key"":""disabled"",""Value"":""false""},{""Key"":""externalsharingcontroltype"",""Value"":""Disabled""}]}","",,,"{""LocaleKey"":""displayName"",""Settings"":[{""Key"":""default"",""Value"":""All Employees (Employees and Contractors)""}]} {""LocaleKey"":""tooltip"",""Settings"":[{""Key"":""default"",""Value"":""Highly confidential data that allows all employees only view, edit, and reply permissions to this content. Data owners can track and revoke content.""}]}",,"All Employees (Employees and Contractors)","6868d3b4-a08f-4bd2-b089-18750c37d8ea",,,"False","False","Highly confidential data that allows all employees only view, edit, and reply permissions to this content. Data owners can track and revoke content.",,"File, Email, Site, UnifiedGroup, Teamwork","","Highly Confidential",,,,"False","","409f541a-c723-4f14-ac64-bcae91f62afb","16","Exchange, SharePoint","6ab07763-90b3-4d22-a23e-5a924169350e","","False","Enforce","6371a3a6-3d96-43ae-93a4-08de4e00b782","Admin-Phelps - Admin","Admin-Phelps - Admin","409f541a-c723-4f14-ac64-bcae91f62afb","FFO.extest.microsoft.com/Microsoft Exchange Hosted Organizations/Gdotsg.onmicrosoft.us/Configuration/Highly Confidential All Employees","FFO.extest.microsoft.com/Microsoft Exchange Hosted Organizations/Gdotsg.onmicrosoft.us/Configuration/Highly Confidential All Employees","True","0.20 (15.0.0.0)","Highly Confidential All Employees","CN=Highly Confidential All Employees,CN=Configuration,CN=Gdotsg.onmicrosoft.us,OU=Microsoft Exchange Hosted Organizations,DC=FFO,DC=extest,DC=microsoft,DC=com",,"msExchUnifiedRule","3/16/2026 3:34:41 PM","5/14/2024 3:40:21 PM","3/16/2026 8:34:41 PM","5/14/2024 8:40:21 PM","409f541a-c723-4f14-ac64-bcae91f62afb","FFO.extest.microsoft.com/Microsoft Exchange Hosted Organizations/Gdotsg.onmicrosoft.us","FFO.extest.microsoft.com/Microsoft Exchange Hosted Organizations/Gdotsg.onmicrosoft.us - FFO.extest.microsoft.com/Microsoft Exchange Hosted Organizations/Gdotsg.onmicrosoft.us/Configuration","","Unchanged"
"[color, #A4262C] [parentid, 6868d3b4-a08f-4bd2-b089-18750c37d8ea] [contenttype, File, Email, Teamwork] [tooltip, Highly confidential data that requires protection and can be viewed only by people you specify and with the permission level you choose.] [isparent, False] [displayname, Specific People]","{""Type"":""encrypt"",""SubType"":null,""Settings"":[{""Key"":""protectiontype"",""Value"":""userdefined""},{""Key"":""donotforward"",""Value"":""true""},{""Key"":""promptuser"",""Value"":""true""},{""Key"":""encryptonly"",""Value"":""false""},{""Key"":""disabled"",""Value"":""false""}]}","",,,"{""LocaleKey"":""displayName"",""Settings"":[{""Key"":""default"",""Value"":""Specific People""}]} {""LocaleKey"":""tooltip"",""Settings"":[{""Key"":""default"",""Value"":""Highly confidential data that requires protection and can be viewed only by people you specify and with the permission level you choose.""}]}",,"Specific People","6868d3b4-a08f-4bd2-b089-18750c37d8ea",,,"False","False","Highly confidential data that requires protection and can be viewed only by people you specify and with the permission level you choose.",,"File, Email, Teamwork","","Highly Confidential",,,,"False","","9ab2acef-97cf-4a68-84f6-299b5c5e9167","17","Exchange, SharePoint","6ab07763-90b3-4d22-a23e-5a924169350e","","False","Enforce","54944e15-f26e-494e-01e6-08dd878838c7","Admin-Phelps - Admin","Admin-Phelps - Admin","9ab2acef-97cf-4a68-84f6-299b5c5e9167","FFO.extest.microsoft.com/Microsoft Exchange Hosted Organizations/Gdotsg.onmicrosoft.us/Configuration/Highly Confidential Specific People","FFO.extest.microsoft.com/Microsoft Exchange Hosted Organizations/Gdotsg.onmicrosoft.us/Configuration/Highly Confidential Specific People","True","0.20 (15.0.0.0)","Highly Confidential Specific People","CN=Highly Confidential Specific People,CN=Configuration,CN=Gdotsg.onmicrosoft.us,OU=Microsoft Exchange Hosted Organizations,DC=FFO,DC=extest,DC=microsoft,DC=com",,"msExchUnifiedRule","4/29/2025 8:42:09 PM","5/14/2024 3:41:57 PM","4/30/2025 1:42:09 AM","5/14/2024 8:41:57 PM","9ab2acef-97cf-4a68-84f6-299b5c5e9167","FFO.extest.microsoft.com/Microsoft Exchange Hosted Organizations/Gdotsg.onmicrosoft.us","FFO.extest.microsoft.com/Microsoft Exchange Hosted Organizations/Gdotsg.onmicrosoft.us - FFO.extest.microsoft.com/Microsoft Exchange Hosted Organizations/Gdotsg.onmicrosoft.us/Configuration","","Unchanged"
